"Id","Price","Description","Brand","Category","DiscountPercentage","Images","MinimumOrderQuantity","Rating","Sku","Stock","Thumbnail","Title","Weight"
"1","9.99","The Essence Mascara Lash Princess is a popular mascara known for its volumizing and lengthening effects. Achieve dramatic lashes with this long-lasting and cruelty-free formula.","Essence","beauty","7.17","{""https://cdn.dummyjson.com/products/images/beauty/Essence%20Mascara%20Lash%20Princess/1.png""}","24","4.94","RCH45Q1A","5","https://cdn.dummyjson.com/products/images/beauty/Essence%20Mascara%20Lash%20Princess/thumbnail.png","Essence Mascara Lash Princess","2"
"2","19.99","The Eyeshadow Palette with Mirror offers a versatile range of eyeshadow shades for creating stunning eye looks. With a built-in mirror, it's convenient for on-the-go makeup application.","Glamour Beauty","beauty","5.5","{""https://cdn.dummyjson.com/products/images/beauty/Eyeshadow%20Palette%20with%20Mirror/1.png""}","32","3.28","MVCFH27F","44","https://cdn.dummyjson.com/products/images/beauty/Eyeshadow%20Palette%20with%20Mirror/thumbnail.png","Eyeshadow Palette with Mirror","3"
"3","14.99","The Powder Canister is a finely milled setting powder designed to set makeup and control shine. With a lightweight and translucent formula, it provides a smooth and matte finish.","Velvet Touch","beauty","18.14","{""https://cdn.dummyjson.com/products/images/beauty/Powder%20Canister/1.png""}","25","3.82","9EN8WLT2","59","https://cdn.dummyjson.com/products/images/beauty/Powder%20Canister/thumbnail.png","Powder Canister","8"
"4","12.99","The Red Lipstick is a classic and bold choice for adding a pop of color to your lips. With a creamy and pigmented formula, it provides a vibrant and long-lasting finish.","Chic Cosmetics","beauty","19.03","{""https://cdn.dummyjson.com/products/images/beauty/Red%20Lipstick/1.png""}","6","2.51","O5IF1NTA","68","https://cdn.dummyjson.com/products/images/beauty/Red%20Lipstick/thumbnail.png","Red Lipstick","5"
"5","8.99","The Red Nail Polish offers a rich and glossy red hue for vibrant and polished nails. With a quick-drying formula, it provides a salon-quality finish at home.","Nail Couture","beauty","2.46","{""https://cdn.dummyjson.com/products/images/beauty/Red%20Nail%20Polish/1.png""}","46","3.91","YUIIIP4W","71","https://cdn.dummyjson.com/products/images/beauty/Red%20Nail%20Polish/thumbnail.png","Red Nail Polish","9"
"6","49.99","CK One by Calvin Klein is a classic unisex fragrance, known for its fresh and clean scent. It's a versatile fragrance suitable for everyday wear.","Calvin Klein","fragrances","0.32","{""https://cdn.dummyjson.com/products/images/fragrances/Calvin%20Klein%20CK%20One/1.png"",""https://cdn.dummyjson.com/products/images/fragrances/Calvin%20Klein%20CK%20One/2.png"",""https://cdn.dummyjson.com/products/images/fragrances/Calvin%20Klein%20CK%20One/3.png""}","20","4.85","DZM2JQZE","17","https://cdn.dummyjson.com/products/images/fragrances/Calvin%20Klein%20CK%20One/thumbnail.png","Calvin Klein CK One","5"
"7","129.99","Coco Noir by Chanel is an elegant and mysterious fragrance, featuring notes of grapefruit, rose, and sandalwood. Perfect for evening occasions.","Chanel","fragrances","18.64","{""https://cdn.dummyjson.com/products/images/fragrances/Chanel%20Coco%20Noir%20Eau%20De/1.png"",""https://cdn.dummyjson.com/products/images/fragrances/Chanel%20Coco%20Noir%20Eau%20De/2.png"",""https://cdn.dummyjson.com/products/images/fragrances/Chanel%20Coco%20Noir%20Eau%20De/3.png""}","5","2.76","K71HBCGS","41","https://cdn.dummyjson.com/products/images/fragrances/Chanel%20Coco%20Noir%20Eau%20De/thumbnail.png","Chanel Coco Noir Eau De","4"
"8","89.99","J'adore by Dior is a luxurious and floral fragrance, known for its blend of ylang-ylang, rose, and jasmine. It embodies femininity and sophistication.","Dior","fragrances","17.44","{""https://cdn.dummyjson.com/products/images/fragrances/Dior%20J'adore/1.png"",""https://cdn.dummyjson.com/products/images/fragrances/Dior%20J'adore/2.png"",""https://cdn.dummyjson.com/products/images/fragrances/Dior%20J'adore/3.png""}","8","3.31","E70NB03B","91","https://cdn.dummyjson.com/products/images/fragrances/Dior%20J'adore/thumbnail.png","Dior J'adore","10"
"9","69.99","Dolce Shine by Dolce & Gabbana is a vibrant and fruity fragrance, featuring notes of mango, jasmine, and blonde woods. It's a joyful and youthful scent.","Dolce & Gabbana","fragrances","11.47","{""https://cdn.dummyjson.com/products/images/fragrances/Dolce%20Shine%20Eau%20de/1.png"",""https://cdn.dummyjson.com/products/images/fragrances/Dolce%20Shine%20Eau%20de/2.png"",""https://cdn.dummyjson.com/products/images/fragrances/Dolce%20Shine%20Eau%20de/3.png""}","9","2.68","1NBFK980","3","https://cdn.dummyjson.com/products/images/fragrances/Dolce%20Shine%20Eau%20de/thumbnail.png","Dolce Shine Eau de","5"
"10","79.99","Gucci Bloom by Gucci is a floral and captivating fragrance, with notes of tuberose, jasmine, and Rangoon creeper. It's a modern and romantic scent.","Gucci","fragrances","8.9","{""https://cdn.dummyjson.com/products/images/fragrances/Gucci%20Bloom%20Eau%20de/1.png"",""https://cdn.dummyjson.com/products/images/fragrances/Gucci%20Bloom%20Eau%20de/2.png"",""https://cdn.dummyjson.com/products/images/fragrances/Gucci%20Bloom%20Eau%20de/3.png""}","10","2.69","FFKZ6HOF","93","https://cdn.dummyjson.com/products/images/fragrances/Gucci%20Bloom%20Eau%20de/thumbnail.png","Gucci Bloom Eau de","10"
"11","1899.99","The Annibale Colombo Bed is a luxurious and elegant bed frame, crafted with high-quality materials for a comfortable and stylish bedroom.","Annibale Colombo","furniture","0.29","{""https://cdn.dummyjson.com/products/images/furniture/Annibale%20Colombo%20Bed/1.png"",""https://cdn.dummyjson.com/products/images/furniture/Annibale%20Colombo%20Bed/2.png"",""https://cdn.dummyjson.com/products/images/furniture/Annibale%20Colombo%20Bed/3.png""}","1","4.14","4KMDTZWF","47","https://cdn.dummyjson.com/products/images/furniture/Annibale%20Colombo%20Bed/thumbnail.png","Annibale Colombo Bed","3"
"12","2499.99","The Annibale Colombo Sofa is a sophisticated and comfortable seating option, featuring exquisite design and premium upholstery for your living room.","Annibale Colombo","furniture","18.54","{""https://cdn.dummyjson.com/products/images/furniture/Annibale%20Colombo%20Sofa/1.png"",""https://cdn.dummyjson.com/products/images/furniture/Annibale%20Colombo%20Sofa/2.png"",""https://cdn.dummyjson.com/products/images/furniture/Annibale%20Colombo%20Sofa/3.png""}","1","3.08","LUU95CQP","16","https://cdn.dummyjson.com/products/images/furniture/Annibale%20Colombo%20Sofa/thumbnail.png","Annibale Colombo Sofa","3"
"13","299.99","The Bedside Table in African Cherry is a stylish and functional addition to your bedroom, providing convenient storage space and a touch of elegance.","Furniture Co.","furniture","9.58","{""https://cdn.dummyjson.com/products/images/furniture/Bedside%20Table%20African%20Cherry/1.png"",""https://cdn.dummyjson.com/products/images/furniture/Bedside%20Table%20African%20Cherry/2.png"",""https://cdn.dummyjson.com/products/images/furniture/Bedside%20Table%20African%20Cherry/3.png""}","5","4.48","OWPLTZYX","16","https://cdn.dummyjson.com/products/images/furniture/Bedside%20Table%20African%20Cherry/thumbnail.png","Bedside Table African Cherry","10"
"14","499.99","The Knoll Saarinen Executive Conference Chair is a modern and ergonomic chair, perfect for your office or conference room with its timeless design.","Knoll","furniture","15.23","{""https://cdn.dummyjson.com/products/images/furniture/Knoll%20Saarinen%20Executive%20Conference%20Chair/1.png"",""https://cdn.dummyjson.com/products/images/furniture/Knoll%20Saarinen%20Executive%20Conference%20Chair/2.png"",""https://cdn.dummyjson.com/products/images/furniture/Knoll%20Saarinen%20Executive%20Conference%20Chair/3.png""}","5","4.11","RKHVJ4FE","47","https://cdn.dummyjson.com/products/images/furniture/Knoll%20Saarinen%20Executive%20Conference%20Chair/thumbnail.png","Knoll Saarinen Executive Conference Chair","3"
"15","799.99","The Wooden Bathroom Sink with Mirror is a unique and stylish addition to your bathroom, featuring a wooden sink countertop and a matching mirror.","Bath Trends","furniture","11.22","{""https://cdn.dummyjson.com/products/images/furniture/Wooden%20Bathroom%20Sink%20With%20Mirror/1.png"",""https://cdn.dummyjson.com/products/images/furniture/Wooden%20Bathroom%20Sink%20With%20Mirror/2.png"",""https://cdn.dummyjson.com/products/images/furniture/Wooden%20Bathroom%20Sink%20With%20Mirror/3.png""}","1","3.26","7OLTIEVO","95","https://cdn.dummyjson.com/products/images/furniture/Wooden%20Bathroom%20Sink%20With%20Mirror/thumbnail.png","Wooden Bathroom Sink With Mirror","6"
"16","1.99","Fresh and crisp apples, perfect for snacking or incorporating into various recipes.","Generic Brand","groceries","1.97","{""https://cdn.dummyjson.com/products/images/groceries/Apple/1.png""}","44","2.96","QTROUV79","9","https://cdn.dummyjson.com/products/images/groceries/Apple/thumbnail.png","Apple","8"
"17","12.99","High-quality beef steak, great for grilling or cooking to your preferred level of doneness.","Generic Brand","groceries","17.99","{""https://cdn.dummyjson.com/products/images/groceries/Beef%20Steak/1.png""}","21","2.83","BWWA2MSO","96","https://cdn.dummyjson.com/products/images/groceries/Beef%20Steak/thumbnail.png","Beef Steak","9"
"18","8.99","Nutritious cat food formulated to meet the dietary needs of your feline friend.","Generic Brand","groceries","9.57","{""https://cdn.dummyjson.com/products/images/groceries/Cat%20Food/1.png""}","48","2.88","C3F8QN6O","13","https://cdn.dummyjson.com/products/images/groceries/Cat%20Food/thumbnail.png","Cat Food","9"
"19","9.99","Fresh and tender chicken meat, suitable for various culinary preparations.","Generic Brand","groceries","10.46","{""https://cdn.dummyjson.com/products/images/groceries/Chicken%20Meat/1.png"",""https://cdn.dummyjson.com/products/images/groceries/Chicken%20Meat/2.png""}","46","4.61","G5YEHW7B","69","https://cdn.dummyjson.com/products/images/groceries/Chicken%20Meat/thumbnail.png","Chicken Meat","7"
"20","4.99","Versatile cooking oil suitable for frying, sautéing, and various culinary applications.","Generic Brand","groceries","18.89","{""https://cdn.dummyjson.com/products/images/groceries/Cooking%20Oil/1.png""}","2","4.01","Q6ZP1UY8","22","https://cdn.dummyjson.com/products/images/groceries/Cooking%20Oil/thumbnail.png","Cooking Oil","8"
"21","1.49","Crisp and hydrating cucumbers, ideal for salads, snacks, or as a refreshing side.","Generic Brand","groceries","11.44","{""https://cdn.dummyjson.com/products/images/groceries/Cucumber/1.png""}","7","4.71","6KGF2K6Z","22","https://cdn.dummyjson.com/products/images/groceries/Cucumber/thumbnail.png","Cucumber","9"
"22","10.99","Specially formulated dog food designed to provide essential nutrients for your canine companion.","Generic Brand","groceries","18.15","{""https://cdn.dummyjson.com/products/images/groceries/Dog%20Food/1.png""}","29","2.74","A6QRCH37","40","https://cdn.dummyjson.com/products/images/groceries/Dog%20Food/thumbnail.png","Dog Food","2"
"23","2.99","Fresh eggs, a versatile ingredient for baking, cooking, or breakfast.","Generic Brand","groceries","5.8","{""https://cdn.dummyjson.com/products/images/groceries/Eggs/1.png""}","43","4.46","YA617RI7","10","https://cdn.dummyjson.com/products/images/groceries/Eggs/thumbnail.png","Eggs","4"
"24","14.99","Quality fish steak, suitable for grilling, baking, or pan-searing.","Generic Brand","groceries","7.0","{""https://cdn.dummyjson.com/products/images/groceries/Fish%20Steak/1.png""}","49","4.83","XNIH1MTA","99","https://cdn.dummyjson.com/products/images/groceries/Fish%20Steak/thumbnail.png","Fish Steak","8"
"25","1.29","Fresh and vibrant green bell pepper, perfect for adding color and flavor to your dishes.","Generic Brand","groceries","15.5","{""https://cdn.dummyjson.com/products/images/groceries/Green%20Bell%20Pepper/1.png""}","1","4.28","HU7S7VQ0","89","https://cdn.dummyjson.com/products/images/groceries/Green%20Bell%20Pepper/thumbnail.png","Green Bell Pepper","7"
"26","0.99","Spicy green chili pepper, ideal for adding heat to your favorite recipes.","Generic Brand","groceries","18.51","{""https://cdn.dummyjson.com/products/images/groceries/Green%20Chili%20Pepper/1.png""}","43","4.43","Y4RM3JCB","8","https://cdn.dummyjson.com/products/images/groceries/Green%20Chili%20Pepper/thumbnail.png","Green Chili Pepper","2"
"27","6.99","Pure and natural honey in a convenient jar, perfect for sweetening beverages or drizzling over food.","Generic Brand","groceries","1.91","{""https://cdn.dummyjson.com/products/images/groceries/Honey%20Jar/1.png""}","1","3.5","BTBNIIOU","25","https://cdn.dummyjson.com/products/images/groceries/Honey%20Jar/thumbnail.png","Honey Jar","9"
"28","5.49","Creamy and delicious ice cream, available in various flavors for a delightful treat.","Generic Brand","groceries","7.58","{""https://cdn.dummyjson.com/products/images/groceries/Ice%20Cream/1.png"",""https://cdn.dummyjson.com/products/images/groceries/Ice%20Cream/2.png"",""https://cdn.dummyjson.com/products/images/groceries/Ice%20Cream/3.png"",""https://cdn.dummyjson.com/products/images/groceries/Ice%20Cream/4.png""}","19","3.77","VEZMU1EQ","76","https://cdn.dummyjson.com/products/images/groceries/Ice%20Cream/thumbnail.png","Ice Cream","5"
"29","3.99","Refreshing fruit juice, packed with vitamins and great for staying hydrated.","Generic Brand","groceries","5.45","{""https://cdn.dummyjson.com/products/images/groceries/Juice/1.png""}","26","3.41","M2K19S06","99","https://cdn.dummyjson.com/products/images/groceries/Juice/thumbnail.png","Juice","2"
"30","2.49","Nutrient-rich kiwi, perfect for snacking or adding a tropical twist to your dishes.","Generic Brand","groceries","10.32","{""https://cdn.dummyjson.com/products/images/groceries/Kiwi/1.png""}","8","4.37","0X3NORB9","1","https://cdn.dummyjson.com/products/images/groceries/Kiwi/thumbnail.png","Kiwi","8"
"31","0.79","Zesty and tangy lemons, versatile for cooking, baking, or making refreshing beverages.","Generic Brand","groceries","17.81","{""https://cdn.dummyjson.com/products/images/groceries/Lemon/1.png""}","1","4.25","J074TE3H","0","https://cdn.dummyjson.com/products/images/groceries/Lemon/thumbnail.png","Lemon","10"
"32","3.49","Fresh and nutritious milk, a staple for various recipes and daily consumption.","Generic Brand","groceries","15.09","{""https://cdn.dummyjson.com/products/images/groceries/Milk/1.png""}","41","3.14","VOZKMF40","57","https://cdn.dummyjson.com/products/images/groceries/Milk/thumbnail.png","Milk","1"
"33","4.99","Sweet and juicy mulberries, perfect for snacking or adding to desserts and cereals.","Generic Brand","groceries","16.35","{""https://cdn.dummyjson.com/products/images/groceries/Mulberry/1.png""}","50","3.19","0M1K7RRC","79","https://cdn.dummyjson.com/products/images/groceries/Mulberry/thumbnail.png","Mulberry","4"
"34","7.99","Quality coffee from Nescafe, available in various blends for a rich and satisfying cup.","Generic Brand","groceries","11.65","{""https://cdn.dummyjson.com/products/images/groceries/Nescafe%20Coffee/1.png""}","8","2.54","FP5H3065","22","https://cdn.dummyjson.com/products/images/groceries/Nescafe%20Coffee/thumbnail.png","Nescafe Coffee","9"
"35","2.29","Versatile and starchy potatoes, great for roasting, mashing, or as a side dish.","Generic Brand","groceries","4.05","{""https://cdn.dummyjson.com/products/images/groceries/Potatoes/1.png""}","29","3.82","W4NOBW45","8","https://cdn.dummyjson.com/products/images/groceries/Potatoes/thumbnail.png","Potatoes","9"
"36","19.99","Nutrient-packed protein powder, ideal for supplementing your diet with essential proteins.","Generic Brand","groceries","1.58","{""https://cdn.dummyjson.com/products/images/groceries/Protein%20Powder/1.png""}","39","3.91","BT2QOWKZ","65","https://cdn.dummyjson.com/products/images/groceries/Protein%20Powder/thumbnail.png","Protein Powder","2"
"37","1.99","Flavorful and aromatic red onions, perfect for adding depth to your savory dishes.","Generic Brand","groceries","17.89","{""https://cdn.dummyjson.com/products/images/groceries/Red%20Onions/1.png""}","40","4.08","TAF870KJ","86","https://cdn.dummyjson.com/products/images/groceries/Red%20Onions/thumbnail.png","Red Onions","2"
"38","5.99","High-quality rice, a staple for various cuisines and a versatile base for many dishes.","Generic Brand","groceries","12.02","{""https://cdn.dummyjson.com/products/images/groceries/Rice/1.png""}","18","3.94","905JXMXM","49","https://cdn.dummyjson.com/products/images/groceries/Rice/thumbnail.png","Rice","1"
"39","1.99","Assorted soft drinks in various flavors, perfect for refreshing beverages.","Generic Brand","groceries","1.88","{""https://cdn.dummyjson.com/products/images/groceries/Soft%20Drinks/1.png""}","41","4.59","I1ZNSLXJ","78","https://cdn.dummyjson.com/products/images/groceries/Soft%20Drinks/thumbnail.png","Soft Drinks","9"
"40","3.99","Sweet and succulent strawberries, great for snacking, desserts, or blending into smoothies.","Generic Brand","groceries","19.59","{""https://cdn.dummyjson.com/products/images/groceries/Strawberry/1.png""}","38","4.5","LPP7I4JZ","9","https://cdn.dummyjson.com/products/images/groceries/Strawberry/thumbnail.png","Strawberry","4"
"41","2.49","Convenient tissue paper box for everyday use, providing soft and absorbent tissues.","Generic Brand","groceries","15.44","{""https://cdn.dummyjson.com/products/images/groceries/Tissue%20Paper%20Box/1.png"",""https://cdn.dummyjson.com/products/images/groceries/Tissue%20Paper%20Box/2.png""}","1","4.55","IQEZWXMJ","97","https://cdn.dummyjson.com/products/images/groceries/Tissue%20Paper%20Box/thumbnail.png","Tissue Paper Box","3"
"42","0.99","Pure and refreshing bottled water, essential for staying hydrated throughout the day.","Generic Brand","groceries","13.71","{""https://cdn.dummyjson.com/products/images/groceries/Water/1.png""}","46","2.93","LZG5PPHA","95","https://cdn.dummyjson.com/products/images/groceries/Water/thumbnail.png","Water","2"
"43","59.99","The Decoration Swing is a charming addition to your home decor. Crafted with intricate details, it adds a touch of elegance and whimsy to any room.","Generic Brand","home-decoration","0.65","{""https://cdn.dummyjson.com/products/images/home-decoration/Decoration%20Swing/1.png"",""https://cdn.dummyjson.com/products/images/home-decoration/Decoration%20Swing/2.png"",""https://cdn.dummyjson.com/products/images/home-decoration/Decoration%20Swing/3.png""}","2","3.56","MBEK52ST","62","https://cdn.dummyjson.com/products/images/home-decoration/Decoration%20Swing/thumbnail.png","Decoration Swing","8"
"44","29.99","The Family Tree Photo Frame is a sentimental and stylish way to display your cherished family memories. With multiple photo slots, it tells the story of your loved ones.","Generic Brand","home-decoration","1.53","{""https://cdn.dummyjson.com/products/images/home-decoration/Family%20Tree%20Photo%20Frame/1.png""}","16","3.84","EZOJC792","34","https://cdn.dummyjson.com/products/images/home-decoration/Family%20Tree%20Photo%20Frame/thumbnail.png","Family Tree Photo Frame","4"
"45","39.99","The House Showpiece Plant is an artificial plant that brings a touch of nature to your home without the need for maintenance. It adds greenery and style to any space.","Generic Brand","home-decoration","19.45","{""https://cdn.dummyjson.com/products/images/home-decoration/House%20Showpiece%20Plant/1.png"",""https://cdn.dummyjson.com/products/images/home-decoration/House%20Showpiece%20Plant/2.png"",""https://cdn.dummyjson.com/products/images/home-decoration/House%20Showpiece%20Plant/3.png""}","7","3.61","LLNHNIFU","89","https://cdn.dummyjson.com/products/images/home-decoration/House%20Showpiece%20Plant/thumbnail.png","House Showpiece Plant","9"
"46","14.99","The Plant Pot is a stylish container for your favorite plants. With a sleek design, it complements your indoor or outdoor garden, adding a modern touch to your plant display.","Generic Brand","home-decoration","0.19","{""https://cdn.dummyjson.com/products/images/home-decoration/Plant%20Pot/1.png"",""https://cdn.dummyjson.com/products/images/home-decoration/Plant%20Pot/2.png"",""https://cdn.dummyjson.com/products/images/home-decoration/Plant%20Pot/3.png"",""https://cdn.dummyjson.com/products/images/home-decoration/Plant%20Pot/4.png""}","44","3.33","M8IWE8MF","70","https://cdn.dummyjson.com/products/images/home-decoration/Plant%20Pot/thumbnail.png","Plant Pot","8"
"47","49.99","The Table Lamp is a functional and decorative lighting solution for your living space. With a modern design, it provides both ambient and task lighting, enhancing the atmosphere.","Generic Brand","home-decoration","0.59","{""https://cdn.dummyjson.com/products/images/home-decoration/Table%20Lamp/1.png""}","10","4.56","0K9UDIUB","84","https://cdn.dummyjson.com/products/images/home-decoration/Table%20Lamp/thumbnail.png","Table Lamp","2"
"48","7.99","The Bamboo Spatula is a versatile kitchen tool made from eco-friendly bamboo. Ideal for flipping, stirring, and serving various dishes.","Generic Brand","kitchen-accessories","4.85","{""https://cdn.dummyjson.com/products/images/kitchen-accessories/Bamboo%20Spatula/1.png""}","26","4.4","MYIWU1I6","0","https://cdn.dummyjson.com/products/images/kitchen-accessories/Bamboo%20Spatula/thumbnail.png","Bamboo Spatula","4"
"49","5.99","The Black Aluminium Cup is a stylish and durable cup suitable for both hot and cold beverages. Its sleek black design adds a modern touch to your drinkware collection.","Generic Brand","kitchen-accessories","9.22","{""https://cdn.dummyjson.com/products/images/kitchen-accessories/Black%20Aluminium%20Cup/1.png"",""https://cdn.dummyjson.com/products/images/kitchen-accessories/Black%20Aluminium%20Cup/2.png""}","5","3.62","1CSCC3UH","42","https://cdn.dummyjson.com/products/images/kitchen-accessories/Black%20Aluminium%20Cup/thumbnail.png","Black Aluminium Cup","8"
"50","9.99","The Black Whisk is a kitchen essential for whisking and beating ingredients. Its ergonomic handle and sleek design make it a practical and stylish tool.","Generic Brand","kitchen-accessories","16.87","{""https://cdn.dummyjson.com/products/images/kitchen-accessories/Black%20Whisk/1.png""}","30","2.88","0TDFNB1Q","17","https://cdn.dummyjson.com/products/images/kitchen-accessories/Black%20Whisk/thumbnail.png","Black Whisk","6"
"51","39.99","The Boxed Blender is a powerful and compact blender perfect for smoothies, shakes, and more. Its convenient design and multiple functions make it a versatile kitchen appliance.","Generic Brand","kitchen-accessories","7.36","{""https://cdn.dummyjson.com/products/images/kitchen-accessories/Boxed%20Blender/1.png"",""https://cdn.dummyjson.com/products/images/kitchen-accessories/Boxed%20Blender/2.png"",""https://cdn.dummyjson.com/products/images/kitchen-accessories/Boxed%20Blender/3.png"",""https://cdn.dummyjson.com/products/images/kitchen-accessories/Boxed%20Blender/4.png""}","18","2.73","6HG6U3Q9","81","https://cdn.dummyjson.com/products/images/kitchen-accessories/Boxed%20Blender/thumbnail.png","Boxed Blender","10"
"52","29.99","The Carbon Steel Wok is a versatile cooking pan suitable for stir-frying, sautéing, and deep frying. Its sturdy construction ensures even heat distribution for delicious meals.","Generic Brand","kitchen-accessories","5.89","{""https://cdn.dummyjson.com/products/images/kitchen-accessories/Carbon%20Steel%20Wok/1.png""}","16","2.94","OOE6KF9I","2","https://cdn.dummyjson.com/products/images/kitchen-accessories/Carbon%20Steel%20Wok/thumbnail.png","Carbon Steel Wok","4"
"53","12.99","The Chopping Board is an essential kitchen accessory for food preparation. Made from durable material, it provides a safe and hygienic surface for cutting and chopping.","Generic Brand","kitchen-accessories","17.72","{""https://cdn.dummyjson.com/products/images/kitchen-accessories/Chopping%20Board/1.png""}","9","4.82","B7MZ3JGK","53","https://cdn.dummyjson.com/products/images/kitchen-accessories/Chopping%20Board/thumbnail.png","Chopping Board","3"
"54","8.99","The Citrus Squeezer in Yellow is a handy tool for extracting juice from citrus fruits. Its vibrant color adds a cheerful touch to your kitchen gadgets.","Generic Brand","kitchen-accessories","12.35","{""https://cdn.dummyjson.com/products/images/kitchen-accessories/Citrus%20Squeezer%20Yellow/1.png""}","12","4.18","PIUKVEZ4","59","https://cdn.dummyjson.com/products/images/kitchen-accessories/Citrus%20Squeezer%20Yellow/thumbnail.png","Citrus Squeezer Yellow","9"
"55","6.99","The Egg Slicer is a convenient tool for slicing boiled eggs evenly. It's perfect for salads, sandwiches, and other dishes where sliced eggs are desired.","Generic Brand","kitchen-accessories","9.6","{""https://cdn.dummyjson.com/products/images/kitchen-accessories/Egg%20Slicer/1.png""}","23","2.91","WG4L41YK","30","https://cdn.dummyjson.com/products/images/kitchen-accessories/Egg%20Slicer/thumbnail.png","Egg Slicer","5"
"56","49.99","The Electric Stove provides a portable and efficient cooking solution. Ideal for small kitchens or as an additional cooking surface for various culinary needs.","Generic Brand","kitchen-accessories","16.64","{""https://cdn.dummyjson.com/products/images/kitchen-accessories/Electric%20Stove/1.png"",""https://cdn.dummyjson.com/products/images/kitchen-accessories/Electric%20Stove/2.png"",""https://cdn.dummyjson.com/products/images/kitchen-accessories/Electric%20Stove/3.png"",""https://cdn.dummyjson.com/products/images/kitchen-accessories/Electric%20Stove/4.png""}","8","4.84","D88AMROJ","41","https://cdn.dummyjson.com/products/images/kitchen-accessories/Electric%20Stove/thumbnail.png","Electric Stove","9"
"57","9.99","The Fine Mesh Strainer is a versatile tool for straining liquids and sifting dry ingredients. Its fine mesh ensures efficient filtering for smooth cooking and baking.","Generic Brand","kitchen-accessories","2.56","{""https://cdn.dummyjson.com/products/images/kitchen-accessories/Fine%20Mesh%20Strainer/1.png""}","32","3.7","4XB2EHHJ","13","https://cdn.dummyjson.com/products/images/kitchen-accessories/Fine%20Mesh%20Strainer/thumbnail.png","Fine Mesh Strainer","6"
"58","3.99","The Fork is a classic utensil for various dining and serving purposes. Its durable and ergonomic design makes it a reliable choice for everyday use.","Generic Brand","kitchen-accessories","14.36","{""https://cdn.dummyjson.com/products/images/kitchen-accessories/Fork/1.png""}","10","4.18","5XHGD6PF","10","https://cdn.dummyjson.com/products/images/kitchen-accessories/Fork/thumbnail.png","Fork","6"
"59","4.99","The Glass is a versatile and elegant drinking vessel suitable for a variety of beverages. Its clear design allows you to enjoy the colors and textures of your drinks.","Generic Brand","kitchen-accessories","7.38","{""https://cdn.dummyjson.com/products/images/kitchen-accessories/Glass/1.png""}","25","3.06","2RO2KDHM","68","https://cdn.dummyjson.com/products/images/kitchen-accessories/Glass/thumbnail.png","Glass","5"
"60","10.99","The Grater in Black is a handy kitchen tool for grating cheese, vegetables, and more. Its sleek design and sharp blades make food preparation efficient and easy.","Generic Brand","kitchen-accessories","3.29","{""https://cdn.dummyjson.com/products/images/kitchen-accessories/Grater%20Black/1.png""}","22","2.87","UBA8CV8A","80","https://cdn.dummyjson.com/products/images/kitchen-accessories/Grater%20Black/thumbnail.png","Grater Black","3"
"61","34.99","The Hand Blender is a versatile kitchen appliance for blending, pureeing, and mixing. Its compact design and powerful motor make it a convenient tool for various recipes.","Generic Brand","kitchen-accessories","6.44","{""https://cdn.dummyjson.com/products/images/kitchen-accessories/Hand%20Blender/1.png""}","7","3.71","JZNXDL37","8","https://cdn.dummyjson.com/products/images/kitchen-accessories/Hand%20Blender/thumbnail.png","Hand Blender","4"
"62","5.99","The Ice Cube Tray is a practical accessory for making ice cubes in various shapes. Perfect for keeping your drinks cool and adding a fun element to your beverages.","Generic Brand","kitchen-accessories","0.95","{""https://cdn.dummyjson.com/products/images/kitchen-accessories/Ice%20Cube%20Tray/1.png""}","11","3.27","K0UE7U34","81","https://cdn.dummyjson.com/products/images/kitchen-accessories/Ice%20Cube%20Tray/thumbnail.png","Ice Cube Tray","8"
"63","7.99","The Kitchen Sieve is a versatile tool for sifting and straining dry and wet ingredients. Its fine mesh design ensures smooth results in your cooking and baking.","Generic Brand","kitchen-accessories","9.23","{""https://cdn.dummyjson.com/products/images/kitchen-accessories/Kitchen%20Sieve/1.png""}","1","2.96","4U0L9HB6","33","https://cdn.dummyjson.com/products/images/kitchen-accessories/Kitchen%20Sieve/thumbnail.png","Kitchen Sieve","5"
"64","14.99","The Knife is an essential kitchen tool for chopping, slicing, and dicing. Its sharp blade and ergonomic handle make it a reliable choice for food preparation.","Generic Brand","kitchen-accessories","19.95","{""https://cdn.dummyjson.com/products/images/kitchen-accessories/Knife/1.png""}","47","4.31","NHTTZ30W","59","https://cdn.dummyjson.com/products/images/kitchen-accessories/Knife/thumbnail.png","Knife","7"
"65","12.99","The Lunch Box is a convenient and portable container for packing and carrying your meals. With compartments for different foods, it's perfect for on-the-go dining.","Generic Brand","kitchen-accessories","15.33","{""https://cdn.dummyjson.com/products/images/kitchen-accessories/Lunch%20Box/1.png""}","49","2.84","T4T5IDXP","26","https://cdn.dummyjson.com/products/images/kitchen-accessories/Lunch%20Box/thumbnail.png","Lunch Box","1"
"66","89.99","The Microwave Oven is a versatile kitchen appliance for quick and efficient cooking, reheating, and defrosting. Its compact size makes it suitable for various kitchen setups.","Generic Brand","kitchen-accessories","18.73","{""https://cdn.dummyjson.com/products/images/kitchen-accessories/Microwave%20Oven/1.png"",""https://cdn.dummyjson.com/products/images/kitchen-accessories/Microwave%20Oven/2.png"",""https://cdn.dummyjson.com/products/images/kitchen-accessories/Microwave%20Oven/3.png"",""https://cdn.dummyjson.com/products/images/kitchen-accessories/Microwave%20Oven/4.png""}","8","2.71","7CERPRRE","27","https://cdn.dummyjson.com/products/images/kitchen-accessories/Microwave%20Oven/thumbnail.png","Microwave Oven","8"
"67","15.99","The Mug Tree Stand is a stylish and space-saving solution for organizing your mugs. Keep your favorite mugs easily accessible and neatly displayed in your kitchen.","Generic Brand","kitchen-accessories","15.21","{""https://cdn.dummyjson.com/products/images/kitchen-accessories/Mug%20Tree%20Stand/1.png"",""https://cdn.dummyjson.com/products/images/kitchen-accessories/Mug%20Tree%20Stand/2.png""}","36","4.34","T4EBCVSS","93","https://cdn.dummyjson.com/products/images/kitchen-accessories/Mug%20Tree%20Stand/thumbnail.png","Mug Tree Stand","7"
"68","24.99","The Pan is a versatile and essential cookware item for frying, sautéing, and cooking various dishes. Its non-stick coating ensures easy food release and cleanup.","Generic Brand","kitchen-accessories","6.55","{""https://cdn.dummyjson.com/products/images/kitchen-accessories/Pan/1.png""}","8","3.4","3E1WZOKX","40","https://cdn.dummyjson.com/products/images/kitchen-accessories/Pan/thumbnail.png","Pan","7"
"69","3.99","The Plate is a classic and essential dishware item for serving meals. Its durable and stylish design makes it suitable for everyday use or special occasions.","Generic Brand","kitchen-accessories","13.03","{""https://cdn.dummyjson.com/products/images/kitchen-accessories/Plate/1.png""}","2","3.07","S8T5CGBD","30","https://cdn.dummyjson.com/products/images/kitchen-accessories/Plate/thumbnail.png","Plate","8"
"70","6.99","The Red Tongs are versatile kitchen tongs suitable for various cooking and serving tasks. Their vibrant color adds a pop of excitement to your kitchen utensils.","Generic Brand","kitchen-accessories","18.24","{""https://cdn.dummyjson.com/products/images/kitchen-accessories/Red%20Tongs/1.png""}","27","3.22","BTNVE4CT","15","https://cdn.dummyjson.com/products/images/kitchen-accessories/Red%20Tongs/thumbnail.png","Red Tongs","3"
"71","39.99","The Silver Pot with Glass Cap is a stylish and functional cookware item for boiling, simmering, and preparing delicious meals. Its glass cap allows you to monitor cooking progress.","Generic Brand","kitchen-accessories","4.57","{""https://cdn.dummyjson.com/products/images/kitchen-accessories/Silver%20Pot%20With%20Glass%20Cap/1.png""}","19","3.86","BSFNUA3V","37","https://cdn.dummyjson.com/products/images/kitchen-accessories/Silver%20Pot%20With%20Glass%20Cap/thumbnail.png","Silver Pot With Glass Cap","9"
"72","8.99","The Slotted Turner is a kitchen utensil designed for flipping and turning food items. Its slotted design allows excess liquid to drain, making it ideal for frying and sautéing.","Generic Brand","kitchen-accessories","7.24","{""https://cdn.dummyjson.com/products/images/kitchen-accessories/Slotted%20Turner/1.png""}","11","3.77","HCKJ62ZJ","36","https://cdn.dummyjson.com/products/images/kitchen-accessories/Slotted%20Turner/thumbnail.png","Slotted Turner","4"
"73","19.99","The Spice Rack is a convenient organizer for your spices and seasonings. Keep your kitchen essentials within reach and neatly arranged with this stylish spice rack.","Generic Brand","kitchen-accessories","13.78","{""https://cdn.dummyjson.com/products/images/kitchen-accessories/Spice%20Rack/1.png""}","15","4.05","WFKJQQRD","24","https://cdn.dummyjson.com/products/images/kitchen-accessories/Spice%20Rack/thumbnail.png","Spice Rack","8"
"74","4.99","The Spoon is a versatile kitchen utensil for stirring, serving, and tasting. Its ergonomic design and durable construction make it an essential tool for every kitchen.","Generic Brand","kitchen-accessories","0.93","{""https://cdn.dummyjson.com/products/images/kitchen-accessories/Spoon/1.png""}","40","3.98","PPBAZ4TS","51","https://cdn.dummyjson.com/products/images/kitchen-accessories/Spoon/thumbnail.png","Spoon","9"
"75","16.99","The Tray is a functional and decorative item for serving snacks, appetizers, or drinks. Its stylish design makes it a versatile accessory for entertaining guests.","Generic Brand","kitchen-accessories","9.93","{""https://cdn.dummyjson.com/products/images/kitchen-accessories/Tray/1.png""}","10","3.2","PCU0I0A1","48","https://cdn.dummyjson.com/products/images/kitchen-accessories/Tray/thumbnail.png","Tray","8"
"76","11.99","The Wooden Rolling Pin is a classic kitchen tool for rolling out dough for baking. Its smooth surface and sturdy handles make it easy to achieve uniform thickness.","Generic Brand","kitchen-accessories","16.94","{""https://cdn.dummyjson.com/products/images/kitchen-accessories/Wooden%20Rolling%20Pin/1.png""}","1","4.99","WHUXD7N8","80","https://cdn.dummyjson.com/products/images/kitchen-accessories/Wooden%20Rolling%20Pin/thumbnail.png","Wooden Rolling Pin","7"
"77","5.99","The Yellow Peeler is a handy tool for peeling fruits and vegetables with ease. Its bright yellow color adds a cheerful touch to your kitchen gadgets.","Generic Brand","kitchen-accessories","17.09","{""https://cdn.dummyjson.com/products/images/kitchen-accessories/Yellow%20Peeler/1.png""}","45","4.41","YR9GLZ3I","86","https://cdn.dummyjson.com/products/images/kitchen-accessories/Yellow%20Peeler/thumbnail.png","Yellow Peeler","4"
"78","1999.99","The MacBook Pro 14 Inch in Space Grey is a powerful and sleek laptop, featuring Apple's M1 Pro chip for exceptional performance and a stunning Retina display.","Apple","laptops","9.25","{""https://cdn.dummyjson.com/products/images/laptops/Apple%20MacBook%20Pro%2014%20Inch%20Space%20Grey/1.png"",""https://cdn.dummyjson.com/products/images/laptops/Apple%20MacBook%20Pro%2014%20Inch%20Space%20Grey/2.png"",""https://cdn.dummyjson.com/products/images/laptops/Apple%20MacBook%20Pro%2014%20Inch%20Space%20Grey/3.png""}","1","3.13","QDKO6NRJ","39","https://cdn.dummyjson.com/products/images/laptops/Apple%20MacBook%20Pro%2014%20Inch%20Space%20Grey/thumbnail.png","Apple MacBook Pro 14 Inch Space Grey","4"
"79","1799.99","The Asus Zenbook Pro Dual Screen Laptop is a high-performance device with dual screens, providing productivity and versatility for creative professionals.","Asus","laptops","9.21","{""https://cdn.dummyjson.com/products/images/laptops/Asus%20Zenbook%20Pro%20Dual%20Screen%20Laptop/1.png"",""https://cdn.dummyjson.com/products/images/laptops/Asus%20Zenbook%20Pro%20Dual%20Screen%20Laptop/2.png"",""https://cdn.dummyjson.com/products/images/laptops/Asus%20Zenbook%20Pro%20Dual%20Screen%20Laptop/3.png""}","1","3.14","4A9KFMBG","38","https://cdn.dummyjson.com/products/images/laptops/Asus%20Zenbook%20Pro%20Dual%20Screen%20Laptop/thumbnail.png","Asus Zenbook Pro Dual Screen Laptop","8"
"80","1399.99","The Huawei Matebook X Pro is a slim and stylish laptop with a high-resolution touchscreen display, offering a premium experience for users on the go.","Huawei","laptops","15.25","{""https://cdn.dummyjson.com/products/images/laptops/Huawei%20Matebook%20X%20Pro/1.png"",""https://cdn.dummyjson.com/products/images/laptops/Huawei%20Matebook%20X%20Pro/2.png"",""https://cdn.dummyjson.com/products/images/laptops/Huawei%20Matebook%20X%20Pro/3.png""}","1","4.62","U2CBNNB0","34","https://cdn.dummyjson.com/products/images/laptops/Huawei%20Matebook%20X%20Pro/thumbnail.png","Huawei Matebook X Pro","9"
"81","1099.99","The Lenovo Yoga 920 is a 2-in-1 convertible laptop with a flexible hinge, allowing you to use it as a laptop or tablet, offering versatility and portability.","Lenovo","laptops","7.77","{""https://cdn.dummyjson.com/products/images/laptops/Lenovo%20Yoga%20920/1.png"",""https://cdn.dummyjson.com/products/images/laptops/Lenovo%20Yoga%20920/2.png"",""https://cdn.dummyjson.com/products/images/laptops/Lenovo%20Yoga%20920/3.png""}","1","2.98","MST9WZQY","71","https://cdn.dummyjson.com/products/images/laptops/Lenovo%20Yoga%20920/thumbnail.png","Lenovo Yoga 920","7"
"82","1499.99","The New DELL XPS 13 9300 Laptop is a compact and powerful device, featuring a virtually borderless InfinityEdge display and high-end performance for various tasks.","Dell","laptops","11.7","{""https://cdn.dummyjson.com/products/images/laptops/New%20DELL%20XPS%2013%209300%20Laptop/1.png"",""https://cdn.dummyjson.com/products/images/laptops/New%20DELL%20XPS%2013%209300%20Laptop/2.png"",""https://cdn.dummyjson.com/products/images/laptops/New%20DELL%20XPS%2013%209300%20Laptop/3.png""}","1","2.98","XBJJ446X","18","https://cdn.dummyjson.com/products/images/laptops/New%20DELL%20XPS%2013%209300%20Laptop/thumbnail.png","New DELL XPS 13 9300 Laptop","10"
"83","29.99","The Blue & Black Check Shirt is a stylish and comfortable men's shirt featuring a classic check pattern. Made from high-quality fabric, it's suitable for both casual and semi-formal occasions.","Fashion Trends","mens-shirts","1.41","{""https://cdn.dummyjson.com/products/images/mens-shirts/Blue%20&%20Black%20Check%20Shirt/1.png"",""https://cdn.dummyjson.com/products/images/mens-shirts/Blue%20&%20Black%20Check%20Shirt/2.png"",""https://cdn.dummyjson.com/products/images/mens-shirts/Blue%20&%20Black%20Check%20Shirt/3.png"",""https://cdn.dummyjson.com/products/images/mens-shirts/Blue%20&%20Black%20Check%20Shirt/4.png""}","4","4.19","6RJDTVCU","44","https://cdn.dummyjson.com/products/images/mens-shirts/Blue%20&%20Black%20Check%20Shirt/thumbnail.png","Blue & Black Check Shirt","6"
"84","24.99","The Gigabyte Aorus Men Tshirt is a cool and casual shirt for gaming enthusiasts. With the Aorus logo and sleek design, it's perfect for expressing your gaming style.","Gigabyte","mens-shirts","12.6","{""https://cdn.dummyjson.com/products/images/mens-shirts/Gigabyte%20Aorus%20Men%20Tshirt/1.png"",""https://cdn.dummyjson.com/products/images/mens-shirts/Gigabyte%20Aorus%20Men%20Tshirt/2.png"",""https://cdn.dummyjson.com/products/images/mens-shirts/Gigabyte%20Aorus%20Men%20Tshirt/3.png"",""https://cdn.dummyjson.com/products/images/mens-shirts/Gigabyte%20Aorus%20Men%20Tshirt/4.png""}","4","4.95","QA703Y60","64","https://cdn.dummyjson.com/products/images/mens-shirts/Gigabyte%20Aorus%20Men%20Tshirt/thumbnail.png","Gigabyte Aorus Men Tshirt","2"
"85","34.99","The Man Plaid Shirt is a timeless and versatile men's shirt with a classic plaid pattern. Its comfortable fit and casual style make it a wardrobe essential for various occasions.","Classic Wear","mens-shirts","17.53","{""https://cdn.dummyjson.com/products/images/mens-shirts/Man%20Plaid%20Shirt/1.png"",""https://cdn.dummyjson.com/products/images/mens-shirts/Man%20Plaid%20Shirt/2.png"",""https://cdn.dummyjson.com/products/images/mens-shirts/Man%20Plaid%20Shirt/3.png"",""https://cdn.dummyjson.com/products/images/mens-shirts/Man%20Plaid%20Shirt/4.png""}","1","3.66","TWL7HRBB","65","https://cdn.dummyjson.com/products/images/mens-shirts/Man%20Plaid%20Shirt/thumbnail.png","Man Plaid Shirt","1"
"86","19.99","The Man Short Sleeve Shirt is a breezy and stylish option for warm days. With a comfortable fit and short sleeves, it's perfect for a laid-back yet polished look.","Casual Comfort","mens-shirts","8.65","{""https://cdn.dummyjson.com/products/images/mens-shirts/Man%20Short%20Sleeve%20Shirt/1.png"",""https://cdn.dummyjson.com/products/images/mens-shirts/Man%20Short%20Sleeve%20Shirt/2.png"",""https://cdn.dummyjson.com/products/images/mens-shirts/Man%20Short%20Sleeve%20Shirt/3.png"",""https://cdn.dummyjson.com/products/images/mens-shirts/Man%20Short%20Sleeve%20Shirt/4.png""}","1","4.62","KEVGVDTV","20","https://cdn.dummyjson.com/products/images/mens-shirts/Man%20Short%20Sleeve%20Shirt/thumbnail.png","Man Short Sleeve Shirt","2"
"87","27.99","The Men Check Shirt is a classic and versatile shirt featuring a stylish check pattern. Suitable for various occasions, it adds a smart and polished touch to your wardrobe.","Urban Chic","mens-shirts","14.21","{""https://cdn.dummyjson.com/products/images/mens-shirts/Men%20Check%20Shirt/1.png"",""https://cdn.dummyjson.com/products/images/mens-shirts/Men%20Check%20Shirt/2.png"",""https://cdn.dummyjson.com/products/images/mens-shirts/Men%20Check%20Shirt/3.png"",""https://cdn.dummyjson.com/products/images/mens-shirts/Men%20Check%20Shirt/4.png""}","8","2.9","L902AU9L","69","https://cdn.dummyjson.com/products/images/mens-shirts/Men%20Check%20Shirt/thumbnail.png","Men Check Shirt","1"
"88","149.99","The Nike Air Jordan 1 in Red and Black is an iconic basketball sneaker known for its stylish design and high-performance features, making it a favorite among sneaker enthusiasts and athletes.","Nike","mens-shoes","15.82","{""https://cdn.dummyjson.com/products/images/mens-shoes/Nike%20Air%20Jordan%201%20Red%20And%20Black/1.png"",""https://cdn.dummyjson.com/products/images/mens-shoes/Nike%20Air%20Jordan%201%20Red%20And%20Black/2.png"",""https://cdn.dummyjson.com/products/images/mens-shoes/Nike%20Air%20Jordan%201%20Red%20And%20Black/3.png"",""https://cdn.dummyjson.com/products/images/mens-shoes/Nike%20Air%20Jordan%201%20Red%20And%20Black/4.png""}","2","2.77","84YC5J67","15","https://cdn.dummyjson.com/products/images/mens-shoes/Nike%20Air%20Jordan%201%20Red%20And%20Black/thumbnail.png","Nike Air Jordan 1 Red And Black","5"
"89","79.99","Nike Baseball Cleats are designed for maximum traction and performance on the baseball field. They provide stability and support for players during games and practices.","Nike","mens-shoes","11.4","{""https://cdn.dummyjson.com/products/images/mens-shoes/Nike%20Baseball%20Cleats/1.png"",""https://cdn.dummyjson.com/products/images/mens-shoes/Nike%20Baseball%20Cleats/2.png"",""https://cdn.dummyjson.com/products/images/mens-shoes/Nike%20Baseball%20Cleats/3.png"",""https://cdn.dummyjson.com/products/images/mens-shoes/Nike%20Baseball%20Cleats/4.png""}","3","4.01","81LRTRP5","14","https://cdn.dummyjson.com/products/images/mens-shoes/Nike%20Baseball%20Cleats/thumbnail.png","Nike Baseball Cleats","7"
"90","89.99","The Puma Future Rider Trainers offer a blend of retro style and modern comfort. Perfect for casual wear, these trainers provide a fashionable and comfortable option for everyday use.","Puma","mens-shoes","3.64","{""https://cdn.dummyjson.com/products/images/mens-shoes/Puma%20Future%20Rider%20Trainers/1.png"",""https://cdn.dummyjson.com/products/images/mens-shoes/Puma%20Future%20Rider%20Trainers/2.png"",""https://cdn.dummyjson.com/products/images/mens-shoes/Puma%20Future%20Rider%20Trainers/3.png"",""https://cdn.dummyjson.com/products/images/mens-shoes/Puma%20Future%20Rider%20Trainers/4.png""}","9","4.85","64ORN32I","10","https://cdn.dummyjson.com/products/images/mens-shoes/Puma%20Future%20Rider%20Trainers/thumbnail.png","Puma Future Rider Trainers","8"
"91","119.99","The Sports Sneakers in Off White and Red combine style and functionality, making them a fashionable choice for sports enthusiasts. The red and off-white color combination adds a bold and energetic touch.","Off White","mens-shoes","11.69","{""https://cdn.dummyjson.com/products/images/mens-shoes/Sports%20Sneakers%20Off%20White%20&%20Red/1.png"",""https://cdn.dummyjson.com/products/images/mens-shoes/Sports%20Sneakers%20Off%20White%20&%20Red/2.png"",""https://cdn.dummyjson.com/products/images/mens-shoes/Sports%20Sneakers%20Off%20White%20&%20Red/3.png"",""https://cdn.dummyjson.com/products/images/mens-shoes/Sports%20Sneakers%20Off%20White%20&%20Red/4.png""}","5","4.92","8SRWW2RM","73","https://cdn.dummyjson.com/products/images/mens-shoes/Sports%20Sneakers%20Off%20White%20&%20Red/thumbnail.png","Sports Sneakers Off White & Red","3"
"92","109.99","Another variant of the Sports Sneakers in Off White Red, featuring a unique design. These sneakers offer style and comfort for casual occasions.","Off White","mens-shoes","17.22","{""https://cdn.dummyjson.com/products/images/mens-shoes/Sports%20Sneakers%20Off%20White%20Red/1.png"",""https://cdn.dummyjson.com/products/images/mens-shoes/Sports%20Sneakers%20Off%20White%20Red/2.png"",""https://cdn.dummyjson.com/products/images/mens-shoes/Sports%20Sneakers%20Off%20White%20Red/3.png"",""https://cdn.dummyjson.com/products/images/mens-shoes/Sports%20Sneakers%20Off%20White%20Red/4.png""}","3","2.95","1SFJZOT2","75","https://cdn.dummyjson.com/products/images/mens-shoes/Sports%20Sneakers%20Off%20White%20Red/thumbnail.png","Sports Sneakers Off White Red","4"
"93","89.99","The Brown Leather Belt Watch is a stylish timepiece with a classic design. Featuring a genuine leather strap and a sleek dial, it adds a touch of sophistication to your look.","Fashion Timepieces","mens-watches","15.01","{""https://cdn.dummyjson.com/products/images/mens-watches/Brown%20Leather%20Belt%20Watch/1.png"",""https://cdn.dummyjson.com/products/images/mens-watches/Brown%20Leather%20Belt%20Watch/2.png"",""https://cdn.dummyjson.com/products/images/mens-watches/Brown%20Leather%20Belt%20Watch/3.png""}","10","4.47","WGZ21MSA","69","https://cdn.dummyjson.com/products/images/mens-watches/Brown%20Leather%20Belt%20Watch/thumbnail.png","Brown Leather Belt Watch","10"
"94","1499.99","The Longines Master Collection is an elegant and refined watch known for its precision and craftsmanship. With a timeless design, it's a symbol of luxury and sophistication.","Longines","mens-watches","0.64","{""https://cdn.dummyjson.com/products/images/mens-watches/Longines%20Master%20Collection/1.png"",""https://cdn.dummyjson.com/products/images/mens-watches/Longines%20Master%20Collection/2.png"",""https://cdn.dummyjson.com/products/images/mens-watches/Longines%20Master%20Collection/3.png""}","1","2.64","LA7B9XEV","65","https://cdn.dummyjson.com/products/images/mens-watches/Longines%20Master%20Collection/thumbnail.png","Longines Master Collection","2"
"95","8999.99","The Rolex Cellini Date with Black Dial is a classic and prestigious watch. With a black dial and date complication, it exudes sophistication and is a symbol of Rolex's heritage.","Rolex","mens-watches","14.28","{""https://cdn.dummyjson.com/products/images/mens-watches/Rolex%20Cellini%20Date%20Black%20Dial/1.png"",""https://cdn.dummyjson.com/products/images/mens-watches/Rolex%20Cellini%20Date%20Black%20Dial/2.png"",""https://cdn.dummyjson.com/products/images/mens-watches/Rolex%20Cellini%20Date%20Black%20Dial/3.png""}","1","3.61","J3GPKQW0","84","https://cdn.dummyjson.com/products/images/mens-watches/Rolex%20Cellini%20Date%20Black%20Dial/thumbnail.png","Rolex Cellini Date Black Dial","6"
"96","12999.99","The Rolex Cellini Moonphase is a masterpiece of horology, featuring a moon phase complication and exquisite design. It reflects Rolex's commitment to precision and elegance.","Rolex","mens-watches","5.7","{""https://cdn.dummyjson.com/products/images/mens-watches/Rolex%20Cellini%20Moonphase/1.png"",""https://cdn.dummyjson.com/products/images/mens-watches/Rolex%20Cellini%20Moonphase/2.png"",""https://cdn.dummyjson.com/products/images/mens-watches/Rolex%20Cellini%20Moonphase/3.png""}","1","4.52","LUZDIKKR","33","https://cdn.dummyjson.com/products/images/mens-watches/Rolex%20Cellini%20Moonphase/thumbnail.png","Rolex Cellini Moonphase","5"
"97","10999.99","The Rolex Datejust is an iconic and versatile timepiece with a date window. Known for its timeless design and reliability, it's a symbol of Rolex's watchmaking excellence.","Rolex","mens-watches","9.69","{""https://cdn.dummyjson.com/products/images/mens-watches/Rolex%20Datejust/1.png"",""https://cdn.dummyjson.com/products/images/mens-watches/Rolex%20Datejust/2.png"",""https://cdn.dummyjson.com/products/images/mens-watches/Rolex%20Datejust/3.png""}","1","4.94","86V20NWJ","11","https://cdn.dummyjson.com/products/images/mens-watches/Rolex%20Datejust/thumbnail.png","Rolex Datejust","5"
"98","13999.99","The Rolex Submariner is a legendary dive watch with a rich history. Known for its durability and water resistance, it's a symbol of adventure and exploration.","Rolex","mens-watches","0.82","{""https://cdn.dummyjson.com/products/images/mens-watches/Rolex%20Submariner%20Watch/1.png"",""https://cdn.dummyjson.com/products/images/mens-watches/Rolex%20Submariner%20Watch/2.png"",""https://cdn.dummyjson.com/products/images/mens-watches/Rolex%20Submariner%20Watch/3.png""}","1","2.97","XFGRO0O5","35","https://cdn.dummyjson.com/products/images/mens-watches/Rolex%20Submariner%20Watch/thumbnail.png","Rolex Submariner Watch","5"
"99","99.99","The Amazon Echo Plus is a smart speaker with built-in Alexa voice control. It features premium sound quality and serves as a hub for controlling smart home devices.","Amazon","mobile-accessories","16.3","{""https://cdn.dummyjson.com/products/images/mobile-accessories/Amazon%20Echo%20Plus/1.png"",""https://cdn.dummyjson.com/products/images/mobile-accessories/Amazon%20Echo%20Plus/2.png""}","1","3.52","YHLK4W9V","50","https://cdn.dummyjson.com/products/images/mobile-accessories/Amazon%20Echo%20Plus/thumbnail.png","Amazon Echo Plus","7"
"100","129.99","The Apple Airpods offer a seamless wireless audio experience. With easy pairing, high-quality sound, and Siri integration, they are perfect for on-the-go listening.","Apple","mobile-accessories","4.82","{""https://cdn.dummyjson.com/products/images/mobile-accessories/Apple%20Airpods/1.png"",""https://cdn.dummyjson.com/products/images/mobile-accessories/Apple%20Airpods/2.png"",""https://cdn.dummyjson.com/products/images/mobile-accessories/Apple%20Airpods/3.png""}","3","4.38","H76W8TSP","93","https://cdn.dummyjson.com/products/images/mobile-accessories/Apple%20Airpods/thumbnail.png","Apple Airpods","3"
